1, moly, 23, moly@gmail.com, Male, Coding, Round_37, mdpur, 12345566/n1, moly, 23, moly@gmail.com, Male, Coding, Round_37, mdpur, 12345566/n1, moly, 23, moly@gmail.com, Male, Coding, Round_37, mdpur, 12345566/n1, moly, 23, moly@gmail.com, Male, Coding, Round_37, mdpur, 12345566/n1, moly, 23, moly@gmail.com, Male, Coding, Round_37, mdpur, 12345566/n2, mila, 23, asa@gmail.com, Female, Writing, Round_37, hhiki, iouuuu/n2, mila, 23, asa@gmail.com, Female, Writing, Round_37, hhiki, iouuuu/n2, wert, 34, abc@gmail.com, Male, Reading, Round_37, rytupur, 1234567/n